features,model,mode,n_train,n_val,n_test,Q3_accuracy,f1_macro,f1_H,f1_E,f1_C,minutes,command
seq,mlp,concat,348,75,75,0.838413453559772,0.8371,0.8818594627876549,0.8174444575055836,0.8120649651972158,6.7,uv run ligase train task=secondary_structure features=seq model=mlp embed=esm2_t33_650M profile=cpu task.labels=q3 task.groups_file=benchmarks/cb513_groups.json
seq,gvp,concat,348,75,75,0.424240747911711,0.3959,0.3139846401143061,0.335264483627204,0.538316878232252,13.8,uv run ligase train task=secondary_structure features=seq model=gvp embed=esm2_t33_650M profile=cpu task.labels=q3 task.groups_file=benchmarks/cb513_groups.json
seq,gearnet,concat,348,75,75,0.806439121535653,0.8047,0.852092017909526,0.7813285457809694,0.7807342539575615,16.4,uv run ligase train task=secondary_structure features=seq model=gearnet embed=esm2_t33_650M profile=cpu task.labels=q3 task.groups_file=benchmarks/cb513_groups.json
struct,mlp,concat,348,75,75,0.3573601814460364,0.1755,0.526551738191303,0.0,0.0,6.6,uv run ligase train task=secondary_structure features=struct model=mlp embed=esm2_t33_650M profile=cpu task.labels=q3 task.groups_file=benchmarks/cb513_groups.json
struct,gvp,concat,348,75,75,0.5601039995574487,0.5549,0.5240036608702887,0.5259043992384006,0.6148629556371856,12.5,uv run ligase train task=secondary_structure features=struct model=gvp embed=esm2_t33_650M profile=cpu task.labels=q3 task.groups_file=benchmarks/cb513_groups.json
struct,gearnet,concat,348,75,75,0.6878906898268518,0.6803,0.7225896817368298,0.6160291037371844,0.7023608768971332,14.6,uv run ligase train task=secondary_structure features=struct model=gearnet embed=esm2_t33_650M profile=cpu task.labels=q3 task.groups_file=benchmarks/cb513_groups.json
both,mlp,concat,348,75,75,0.8386347292139182,0.8381,0.8805829807240244,0.821403912543153,0.8124064753094817,7.3,uv run ligase train task=secondary_structure features=both model=mlp embed=esm2_t33_650M profile=cpu task.labels=q3 task.groups_file=benchmarks/cb513_groups.json
both,gvp,concat,348,75,75,0.4287215799081706,0.4092,0.47475305233449905,0.31101903405412407,0.4418067919551599,11.6,uv run ligase train task=secondary_structure features=both model=gvp embed=esm2_t33_650M profile=cpu task.labels=q3 task.groups_file=benchmarks/cb513_groups.json
both,gearnet,concat,348,75,75,0.7588648558942303,0.7565,0.805734874643447,0.7331980422585651,0.7305430646835005,15.9,uv run ligase train task=secondary_structure features=both model=gearnet embed=esm2_t33_650M profile=cpu task.labels=q3 task.groups_file=benchmarks/cb513_groups.json
both,gearnet,project,348,75,75,0.8131880289871107,0.8109,0.8627966298214423,0.7823949432283741,0.7873790377538503,15.6,uv run ligase train task=secondary_structure features=both model=gearnet embed=esm2_t33_650M profile=cpu task.labels=q3 features.mode=project task.groups_file=benchmarks/cb513_groups.json
